id,first_name,last_name,email,gender
1,Rikki,Paulsson,rpaulsson0@pcworld.com,Female
2,Alberto,Yeiles,ayeiles1@technorati.com,Genderfluid
3,Daune,Jakubovits,djakubovits2@360.cn,Male
4,Merwin,Hartwright,mhartwright3@dedecms.com,Female
5,Witty,Naptin,wnaptin4@sciencedaily.com,Genderfluid
6,Chrisse,Walklett,cwalklett5@yellowbook.com,Genderfluid
7,Fin,Lindenbaum,flindenbaum6@wikimedia.org,Bigender
8,Wayne,Osipov,wosipov7@tinyurl.com,Bigender
9,Northrup,Cull,ncull8@istockphoto.com,Non-binary
10,Audi,Arlott,aarlott9@cnet.com,Male
11,Gerry,Burnsides,gburnsidesa@wsj.com,Non-binary
12,Ashleigh,Hastelow,ahastelowb@opensource.org,Bigender
13,Sloane,Sommers,ssommersc@independent.co.uk,Bigender
14,Brendon,Pretswell,bpretswelld@addtoany.com,Agender
15,Drusi,Muneely,dmuneelye@oracle.com,Agender
16,Karissa,Bartolic,kbartolicf@blogger.com,Agender
17,Clay,Gravet,cgravetg@abc.net.au,Genderfluid
18,Eamon,Fardoe,efardoeh@alexa.com,Genderfluid
19,Nat,Gribbin,ngribbini@alibaba.com,Genderqueer
20,Trev,Kagan,tkaganj@typepad.com,Non-binary
