Last Name,First Name,Dept,Title,Manager,Email
Wind,Daryl,Design,Helicopter,AIR Aayushi,Daryl.Wind@airdad.com
Bandeen,Adore,Sale,Commercial,AIR Darsh,Adore.Bandeen@airdad.com
McGrody,Maisey,Design,Space,AIR Dhairya,Maisey.McGrody@airdad.com
Emanuel,Ada,Main,Helicopter,AIR Aayushi,Ada.Emanuel@airdad.com
Justinn,Carmela,Manu,Helicopter,AIR Darsh,Carmela.Justinn@airdad.com
Robertson,Mathilda,Build,Helicopter,AIR Aayushi,Mathilda.Robertson@airdad.com
Curren,Collen,Main,Helicopter,AIR Dhairya,Collen.Curren@airdad.com
Merna,Sheelagh,Design,Space,AIR Aayushi,Sheelagh.Merna@airdad.com
Abram,Cindelyn,Design,Helicopter,AIR Dhairya,Cindelyn.Abram@airdad.com
Etom,Ekaterina,Sale,Space,AIR Dhairya,Ekaterina.Etom@airdad.com
Tayib,Danny,Manu,Commercial,AIR Aayushi,Danny.Tayib@airdad.com
Liebermann,Shel,Fin,Space,AIR Darsh,Shel.Liebermann@airdad.com
Malina,Gilda,Main,Space,AIR Darsh,Gilda.Malina@airdad.com
Francene,Sophia,Main,Space,AIR Aayushi,Sophia.Francene@airdad.com
Roche,Halette,Design,Space,AIR Dhairya,Halette.Roche@airdad.com
Wooster,Joeann,Manu,Helicopter,AIR Aayushi,Joeann.Wooster@airdad.com
Robertson,Rani,Build,Helicopter,AIR Darsh,Rani.Robertson@airdad.com
Medrek,Hettie,Sale,Space,AIR Darsh,Hettie.Medrek@airdad.com
Brieta,Zia,Fin,Commercial,AIR Darsh,Zia.Brieta@airdad.com
Hutchison,Aeriela,Main,Commercial,AIR Dhairya,Aeriela.Hutchison@airdad.com
Maribeth,Sean,Design,Helicopter,AIR Dhairya,Sean.Maribeth@airdad.com
Sothena,Ellette,Manu,Helicopter,AIR Aayushi,Ellette.Sothena@airdad.com
Karl,Lorie,Fin,Commercial,AIR Dhairya,Lorie.Karl@airdad.com
Garrison,Eolanda,Main,Helicopter,AIR Dhairya,Eolanda.Garrison@airdad.com
Willie,Harmonia,Sale,Helicopter,AIR Dhairya,Harmonia.Willie@airdad.com
Kussell,Pollyanna,Main,Helicopter,AIR Aayushi,Pollyanna.Kussell@airdad.com
Hazlett,Alexine,Design,Helicopter,AIR Aayushi,Alexine.Hazlett@airdad.com
Sundin,Chere,Sale,Space,AIR Darsh,Chere.Sundin@airdad.com
Fillbert,Danny,Main,Commercial,AIR Aayushi,Danny.Fillbert@airdad.com
Paine,Courtnay,Fin,Commercial,AIR Aayushi,Courtnay.Paine@airdad.com
Lane,Starla,Design,Helicopter,AIR Darsh,Starla.Lane@airdad.com
Trey,Gusella,Test,Helicopter,AIR Darsh,Gusella.Trey@airdad.com
Pond,Tina,Build,Helicopter,AIR Darsh,Tina.Pond@airdad.com
Esmaria,Elsie,Sale,Space,AIR Aayushi,Elsie.Esmaria@airdad.com
Mauer,Brena,Fin,Space,AIR Aayushi,Brena.Mauer@airdad.com
Desai,Ermengarde,Design,Helicopter,AIR Dhairya,Ermengarde.Desai@airdad.com
Barrus,Calla,Sale,Space,AIR Darsh,Calla.Barrus@airdad.com
Wooster,Di,Manu,Commercial,AIR Darsh,Di.Wooster@airdad.com
Estella,Eugine,Test,Space,AIR Aayushi,Eugine.Estella@airdad.com
Catie,Cyndie,Manu,Helicopter,AIR Dhairya,Cyndie.Catie@airdad.com
Anis,Mary,Fin,Helicopter,AIR Dhairya,Mary.Anis@airdad.com
Iaverne,Olivette,Build,Helicopter,AIR Dhairya,Olivette.Iaverne@airdad.com
Zenas,Layla,Manu,Space,AIR Aayushi,Layla.Zenas@airdad.com
Sheedy,Wileen,Sale,Space,AIR Aayushi,Wileen.Sheedy@airdad.com
Bashemeth,Mahalia,Test,Space,AIR Darsh,Mahalia.Bashemeth@airdad.com
Rurik,Kylynn,Sale,Space,AIR Aayushi,Kylynn.Rurik@airdad.com
Stilwell,Pamella,Build,Space,AIR Darsh,Pamella.Stilwell@airdad.com
Cloris,Oralee,Fin,Space,AIR Aayushi,Oralee.Cloris@airdad.com
Dulciana,Olivette,Design,Space,AIR Darsh,Olivette.Dulciana@airdad.com
Borrell,Dorothy,Design,Helicopter,AIR Aayushi,Dorothy.Borrell@airdad.com
Isacco,Jessamyn,Manu,Helicopter,AIR Dhairya,Jessamyn.Isacco@airdad.com
Wittie,Dorthy,Fin,Helicopter,AIR Darsh,Dorthy.Wittie@airdad.com
Lory,Chere,Main,Space,AIR Darsh,Chere.Lory@airdad.com
Delila,Lindie,Build,Helicopter,AIR Darsh,Lindie.Delila@airdad.com
Laurianne,Christian,Sale,Space,AIR Dhairya,Christian.Laurianne@airdad.com
Philoo,Ashlee,Build,Helicopter,AIR Darsh,Ashlee.Philoo@airdad.com
Ummersen,Joleen,Build,Commercial,AIR Dhairya,Joleen.Ummersen@airdad.com
Reneta,Loree,Manu,Space,AIR Aayushi,Loree.Reneta@airdad.com
Bultman,Fanchon,Design,Helicopter,AIR Aayushi,Fanchon.Bultman@airdad.com
Diogenes,Jacenta,Sale,Commercial,AIR Aayushi,Jacenta.Diogenes@airdad.com
Kaete,Asia,Build,Commercial,AIR Darsh,Asia.Kaete@airdad.com
Douglass,Robinia,Fin,Helicopter,AIR Darsh,Robinia.Douglass@airdad.com
Alrich,Nita,Main,Space,AIR Darsh,Nita.Alrich@airdad.com
Bethany,Vivia,Design,Space,AIR Dhairya,Vivia.Bethany@airdad.com
Fredi,Loree,Fin,Helicopter,AIR Dhairya,Loree.Fredi@airdad.com
Truc,Dianemarie,Sale,Space,AIR Dhairya,Dianemarie.Truc@airdad.com
Lewes,Blondelle,Manu,Space,AIR Aayushi,Blondelle.Lewes@airdad.com
Skurnik,Jessy,Fin,Helicopter,AIR Dhairya,Jessy.Skurnik@airdad.com
Brackely,Nelle,Fin,Commercial,AIR Darsh,Nelle.Brackely@airdad.com
Ciro,Dolli,Main,Space,AIR Darsh,Dolli.Ciro@airdad.com
Fleeta,Meghann,Main,Space,AIR Darsh,Meghann.Fleeta@airdad.com
Rozanna,Krystle,Main,Helicopter,AIR Darsh,Krystle.Rozanna@airdad.com
Tristram,Thalia,Design,Helicopter,AIR Darsh,Thalia.Tristram@airdad.com
Gilmour,Melisent,Test,Helicopter,AIR Darsh,Melisent.Gilmour@airdad.com
Linskey,Noelle,Build,Commercial,AIR Aayushi,Noelle.Linskey@airdad.com
Magdalen,Alyssa,Sale,Helicopter,AIR Aayushi,Alyssa.Magdalen@airdad.com
Clywd,Donnie,Main,Space,AIR Darsh,Donnie.Clywd@airdad.com
Bashemeth,Corly,Design,Space,AIR Dhairya,Corly.Bashemeth@airdad.com
Leffen,Ida,Fin,Helicopter,AIR Darsh,Ida.Leffen@airdad.com
Mallon,Iseabal,Fin,Helicopter,AIR Darsh,Iseabal.Mallon@airdad.com
Zitvaa,Doralynne,Sale,Space,AIR Darsh,Doralynne.Zitvaa@airdad.com
Dawkins,Tarra,Test,Helicopter,AIR Darsh,Tarra.Dawkins@airdad.com
Aida,Chrystel,Test,Space,AIR Aayushi,Chrystel.Aida@airdad.com
Lunsford,Sissy,Build,Helicopter,AIR Dhairya,Sissy.Lunsford@airdad.com
Bettine,Lily,Build,Commercial,AIR Darsh,Lily.Bettine@airdad.com
Lytton,Julieta,Manu,Helicopter,AIR Aayushi,Julieta.Lytton@airdad.com
Devlen,Janis,Sale,Helicopter,AIR Dhairya,Janis.Devlen@airdad.com
Douglass,Theodora,Design,Helicopter,AIR Darsh,Theodora.Douglass@airdad.com
Guildroy,Tersina,Build,Helicopter,AIR Aayushi,Tersina.Guildroy@airdad.com
Germann,Eve,Fin,Commercial,AIR Darsh,Eve.Germann@airdad.com
Leffen,Judy,Main,Commercial,AIR Dhairya,Judy.Leffen@airdad.com
Magdalen,Kore,Build,Space,AIR Darsh,Kore.Magdalen@airdad.com
Manolo,Joeann,Sale,Helicopter,AIR Dhairya,Joeann.Manolo@airdad.com
Anderea,Di,Fin,Commercial,AIR Dhairya,Di.Anderea@airdad.com
Vanni,Gilligan,Test,Helicopter,AIR Darsh,Gilligan.Vanni@airdad.com
Ophelia,Tamqrah,Main,Helicopter,AIR Darsh,Tamqrah.Ophelia@airdad.com
Ledah,Henriette,Main,Helicopter,AIR Dhairya,Henriette.Ledah@airdad.com
Lesley,Gilda,Main,Commercial,AIR Aayushi,Gilda.Lesley@airdad.com
Freddi,Kate,Main,Helicopter,AIR Dhairya,Kate.Freddi@airdad.com
Israeli,Heida,Design,Helicopter,AIR Darsh,Heida.Israeli@airdad.com
Brandice,Dorothy,Design,Helicopter,AIR Dhairya,Dorothy.Brandice@airdad.com
Whiffen,Belva,Build,Helicopter,AIR Dhairya,Belva.Whiffen@airdad.com
Whittaker,Dale,Test,Commercial,AIR Dhairya,Dale.Whittaker@airdad.com
Virgin,Clo,Design,Commercial,AIR Darsh,Clo.Virgin@airdad.com
Rurik,Rayna,Main,Helicopter,AIR Aayushi,Rayna.Rurik@airdad.com
Masao,Nannie,Test,Helicopter,AIR Dhairya,Nannie.Masao@airdad.com
Old,Norine,Build,Commercial,AIR Darsh,Norine.Old@airdad.com
Tiffa,Chere,Sale,Space,AIR Aayushi,Chere.Tiffa@airdad.com
Paton,Justinn,Fin,Helicopter,AIR Aayushi,Justinn.Paton@airdad.com
Thilda,Fanchon,Build,Helicopter,AIR Aayushi,Fanchon.Thilda@airdad.com
McGrody,Jordan,Test,Helicopter,AIR Darsh,Jordan.McGrody@airdad.com
Rossner,Joane,Test,Space,AIR Aayushi,Joane.Rossner@airdad.com
Cherianne,Selia,Main,Helicopter,AIR Dhairya,Selia.Cherianne@airdad.com
Rheingold,Dacia,Test,Space,AIR Dhairya,Dacia.Rheingold@airdad.com
Hylan,Melodie,Main,Commercial,AIR Dhairya,Melodie.Hylan@airdad.com
Verger,Aigneis,Build,Helicopter,AIR Darsh,Aigneis.Verger@airdad.com
Lacombe,Danika,Test,Space,AIR Darsh,Danika.Lacombe@airdad.com
Jacqui,Valera,Fin,Helicopter,AIR Aayushi,Valera.Jacqui@airdad.com
Halla,Rosabelle,Test,Helicopter,AIR Aayushi,Rosabelle.Halla@airdad.com
Montgomery,Averyl,Build,Commercial,AIR Dhairya,Averyl.Montgomery@airdad.com
Aloise,Selma,Design,Helicopter,AIR Darsh,Selma.Aloise@airdad.com
Rocray,Kore,Design,Helicopter,AIR Dhairya,Kore.Rocray@airdad.com
Pandolfi,Mariann,Sale,Commercial,AIR Dhairya,Mariann.Pandolfi@airdad.com
Lory,Jenilee,Build,Helicopter,AIR Aayushi,Jenilee.Lory@airdad.com
Ariella,Adele,Build,Helicopter,AIR Darsh,Adele.Ariella@airdad.com
LaRue,Cam,Fin,Helicopter,AIR Dhairya,Cam.LaRue@airdad.com
Faust,Kate,Test,Space,AIR Aayushi,Kate.Faust@airdad.com
Girardo,Carly,Main,Helicopter,AIR Dhairya,Carly.Girardo@airdad.com
Cecile,Ninnetta,Sale,Space,AIR Darsh,Ninnetta.Cecile@airdad.com
Francyne,Livvyy,Manu,Helicopter,AIR Darsh,Livvyy.Francyne@airdad.com
Parsaye,Elfreda,Manu,Commercial,AIR Dhairya,Elfreda.Parsaye@airdad.com
Miru,Jsandye,Test,Space,AIR Aayushi,Jsandye.Miru@airdad.com
Hedve,Johna,Manu,Helicopter,AIR Dhairya,Johna.Hedve@airdad.com
Gerge,Annice,Main,Commercial,AIR Aayushi,Annice.Gerge@airdad.com
Thema,Candi,Test,Commercial,AIR Dhairya,Candi.Thema@airdad.com
Atcliffe,Dianemarie,Fin,Space,AIR Dhairya,Dianemarie.Atcliffe@airdad.com
Jacqui,Florie,Manu,Space,AIR Darsh,Florie.Jacqui@airdad.com
Alabaster,Wanda,Main,Commercial,AIR Darsh,Wanda.Alabaster@airdad.com
Susannah,Dorthy,Design,Commercial,AIR Dhairya,Dorthy.Susannah@airdad.com
Brodench,Stevana,Build,Space,AIR Dhairya,Stevana.Brodench@airdad.com
Avi,Donetta,Fin,Commercial,AIR Aayushi,Donetta.Avi@airdad.com
MacIntosh,Brandise,Design,Space,AIR Darsh,Brandise.MacIntosh@airdad.com
Persse,Lily,Test,Helicopter,AIR Aayushi,Lily.Persse@airdad.com
Ingra,Tamqrah,Manu,Space,AIR Dhairya,Tamqrah.Ingra@airdad.com
Adalbert,Jasmina,Main,Space,AIR Aayushi,Jasmina.Adalbert@airdad.com
Eckblad,Cassondra,Test,Helicopter,AIR Darsh,Cassondra.Eckblad@airdad.com
McGrody,Carilyn,Fin,Space,AIR Dhairya,Carilyn.McGrody@airdad.com
Briney,Catharine,Design,Helicopter,AIR Aayushi,Catharine.Briney@airdad.com
Carolin,Kristina,Main,Helicopter,AIR Aayushi,Kristina.Carolin@airdad.com
Bahr,Tressa,Sale,Space,AIR Dhairya,Tressa.Bahr@airdad.com
Pillsbury,Fanny,Sale,Commercial,AIR Darsh,Fanny.Pillsbury@airdad.com
Adlare,Oona,Test,Space,AIR Aayushi,Oona.Adlare@airdad.com
Vacuva,Nananne,Fin,Commercial,AIR Dhairya,Nananne.Vacuva@airdad.com
Leffen,Charissa,Build,Space,AIR Dhairya,Charissa.Leffen@airdad.com
Anyah,Kara-Lynn,Fin,Commercial,AIR Darsh,Kara-Lynn.Anyah@airdad.com
Melan,Harrietta,Manu,Commercial,AIR Darsh,Harrietta.Melan@airdad.com
Teddman,Hollie,Test,Space,AIR Darsh,Hollie.Teddman@airdad.com
Oster,Abbie,Fin,Commercial,AIR Dhairya,Abbie.Oster@airdad.com
Bigner,Candi,Fin,Space,AIR Darsh,Candi.Bigner@airdad.com
Vorster,Silvana,Sale,Space,AIR Aayushi,Silvana.Vorster@airdad.com
Kelula,Tami,Fin,Helicopter,AIR Dhairya,Tami.Kelula@airdad.com
Reinke,Luci,Build,Commercial,AIR Aayushi,Luci.Reinke@airdad.com
Belanger,Molli,Fin,Space,AIR Darsh,Molli.Belanger@airdad.com
Rona,Georgetta,Manu,Space,AIR Aayushi,Georgetta.Rona@airdad.com
Giule,Carilyn,Build,Space,AIR Darsh,Carilyn.Giule@airdad.com
Bethany,Gerrie,Fin,Commercial,AIR Aayushi,Gerrie.Bethany@airdad.com
Geffner,Madelle,Design,Commercial,AIR Dhairya,Madelle.Geffner@airdad.com
Loeb,Binny,Build,Space,AIR Dhairya,Binny.Loeb@airdad.com
Sikorski,Emilia,Design,Space,AIR Dhairya,Emilia.Sikorski@airdad.com
Artie,Randa,Design,Commercial,AIR Aayushi,Randa.Artie@airdad.com
Reinke,Justinn,Test,Space,AIR Darsh,Justinn.Reinke@airdad.com
Leffen,Magdalena,Fin,Commercial,AIR Aayushi,Magdalena.Leffen@airdad.com
Marden,Mady,Main,Space,AIR Aayushi,Mady.Marden@airdad.com
Raychel,Doralynne,Design,Commercial,AIR Aayushi,Doralynne.Raychel@airdad.com
Tremayne,Nicoli,Fin,Helicopter,AIR Aayushi,Nicoli.Tremayne@airdad.com
Lipson,Vivia,Build,Helicopter,AIR Darsh,Vivia.Lipson@airdad.com
Mintz,Tiffie,Sale,Commercial,AIR Aayushi,Tiffie.Mintz@airdad.com
Lorenz,Anica,Test,Space,AIR Dhairya,Anica.Lorenz@airdad.com
Lane,Elka,Test,Commercial,AIR Dhairya,Elka.Lane@airdad.com
Thunell,Rhoda,Manu,Space,AIR Aayushi,Rhoda.Thunell@airdad.com
Ajay,Taffy,Main,Commercial,AIR Dhairya,Taffy.Ajay@airdad.com
Delila,Ruthe,Fin,Commercial,AIR Darsh,Ruthe.Delila@airdad.com
Niles,Max,Build,Commercial,AIR Dhairya,Max.Niles@airdad.com
Slifka,Bee,Test,Space,AIR Aayushi,Bee.Slifka@airdad.com
Alarise,Marguerite,Main,Helicopter,AIR Aayushi,Marguerite.Alarise@airdad.com
Vacuva,Edith,Sale,Helicopter,AIR Dhairya,Edith.Vacuva@airdad.com
Clarissa,Malina,Manu,Commercial,AIR Darsh,Malina.Clarissa@airdad.com
Concha,Courtnay,Test,Commercial,AIR Darsh,Courtnay.Concha@airdad.com
Craggie,Christal,Sale,Space,AIR Darsh,Christal.Craggie@airdad.com
Fleeta,Dotty,Sale,Commercial,AIR Dhairya,Dotty.Fleeta@airdad.com
Claudine,Almeta,Fin,Commercial,AIR Darsh,Almeta.Claudine@airdad.com
Byrne,Dede,Fin,Space,AIR Dhairya,Dede.Byrne@airdad.com
Carey,Marinna,Build,Commercial,AIR Dhairya,Marinna.Carey@airdad.com
Jaylene,Lanae,Test,Space,AIR Darsh,Lanae.Jaylene@airdad.com
Melan,Micheline,Design,Space,AIR Aayushi,Micheline.Melan@airdad.com
Erskine,Estell,Build,Helicopter,AIR Dhairya,Estell.Erskine@airdad.com
Chandler,Roseline,Sale,Helicopter,AIR Dhairya,Roseline.Chandler@airdad.com
Saunderson,Britni,Main,Commercial,AIR Aayushi,Britni.Saunderson@airdad.com
Mandler,Lusa,Manu,Helicopter,AIR Darsh,Lusa.Mandler@airdad.com
Docilla,Katleen,Test,Space,AIR Dhairya,Katleen.Docilla@airdad.com
Natalia,Olwen,Build,Space,AIR Darsh,Olwen.Natalia@airdad.com
Garlinda,Carmencita,Main,Commercial,AIR Dhairya,Carmencita.Garlinda@airdad.com
Bertold,Suzette,Test,Helicopter,AIR Dhairya,Suzette.Bertold@airdad.com
Lea,Lizzie,Fin,Helicopter,AIR Aayushi,Lizzie.Lea@airdad.com
Louanna,Thalia,Test,Commercial,AIR Darsh,Thalia.Louanna@airdad.com
Cimbura,Gabi,Design,Helicopter,AIR Darsh,Gabi.Cimbura@airdad.com
Stuart,Dagmar,Design,Commercial,AIR Aayushi,Dagmar.Stuart@airdad.com
Cavan,Consuela,Sale,Helicopter,AIR Darsh,Consuela.Cavan@airdad.com
Concha,Isa,Main,Space,AIR Aayushi,Isa.Concha@airdad.com
Ardeha,Ninnetta,Design,Commercial,AIR Dhairya,Ninnetta.Ardeha@airdad.com
Redmond,Tobe,Build,Commercial,AIR Darsh,Tobe.Redmond@airdad.com
Brotherson,Merci,Main,Commercial,AIR Darsh,Merci.Brotherson@airdad.com
Vastah,Blondelle,Fin,Helicopter,AIR Aayushi,Blondelle.Vastah@airdad.com
Yuille,Emilia,Main,Commercial,AIR Aayushi,Emilia.Yuille@airdad.com
Chauncey,Tami,Sale,Helicopter,AIR Darsh,Tami.Chauncey@airdad.com
Nedrud,Viviene,Main,Helicopter,AIR Dhairya,Viviene.Nedrud@airdad.com
Regan,Jennica,Manu,Helicopter,AIR Dhairya,Jennica.Regan@airdad.com
Jacqui,Kamilah,Test,Space,AIR Darsh,Kamilah.Jacqui@airdad.com
Chick,Ninnetta,Design,Space,AIR Dhairya,Ninnetta.Chick@airdad.com
Juliet,Ardys,Manu,Helicopter,AIR Darsh,Ardys.Juliet@airdad.com
Howlyn,Marline,Test,Commercial,AIR Aayushi,Marline.Howlyn@airdad.com
Kussell,Maryellen,Manu,Commercial,AIR Aayushi,Maryellen.Kussell@airdad.com
Larochelle,Catrina,Manu,Helicopter,AIR Aayushi,Catrina.Larochelle@airdad.com
Terencio,Corly,Main,Helicopter,AIR Dhairya,Corly.Terencio@airdad.com
Harday,Lorie,Design,Space,AIR Dhairya,Lorie.Harday@airdad.com
Dash,Rosanne,Design,Commercial,AIR Aayushi,Rosanne.Dash@airdad.com
Lewes,Gretal,Main,Commercial,AIR Darsh,Gretal.Lewes@airdad.com
Montgomery,Joeann,Fin,Commercial,AIR Aayushi,Joeann.Montgomery@airdad.com
Louanna,Shirlee,Fin,Helicopter,AIR Darsh,Shirlee.Louanna@airdad.com
Means,Marline,Design,Commercial,AIR Darsh,Marline.Means@airdad.com
Roarke,Augustine,Fin,Commercial,AIR Aayushi,Augustine.Roarke@airdad.com
Wittie,Dari,Manu,Helicopter,AIR Darsh,Dari.Wittie@airdad.com
Lamoree,Lorenza,Design,Commercial,AIR Darsh,Lorenza.Lamoree@airdad.com
Campball,Beth,Test,Commercial,AIR Dhairya,Beth.Campball@airdad.com
Fosque,Micheline,Test,Helicopter,AIR Darsh,Micheline.Fosque@airdad.com
Japeth,Brana,Design,Commercial,AIR Aayushi,Brana.Japeth@airdad.com
Tremayne,Christy,Fin,Commercial,AIR Darsh,Christy.Tremayne@airdad.com
Merna,Jerry,Test,Space,AIR Aayushi,Jerry.Merna@airdad.com
Jess,Cecile,Fin,Commercial,AIR Darsh,Cecile.Jess@airdad.com
Pulsifer,Beth,Manu,Commercial,AIR Aayushi,Beth.Pulsifer@airdad.com
Joeann,Neila,Main,Helicopter,AIR Darsh,Neila.Joeann@airdad.com
Elvyn,Olwen,Test,Helicopter,AIR Aayushi,Olwen.Elvyn@airdad.com
Vanni,Hettie,Fin,Space,AIR Aayushi,Hettie.Vanni@airdad.com
Trey,Zia,Design,Commercial,AIR Dhairya,Zia.Trey@airdad.com
Lunsford,Aurelie,Test,Helicopter,AIR Dhairya,Aurelie.Lunsford@airdad.com
Newell,Ann-Marie,Main,Helicopter,AIR Aayushi,Ann-Marie.Newell@airdad.com
Bibi,Inga,Sale,Commercial,AIR Darsh,Inga.Bibi@airdad.com
Voletta,Bernardine,Build,Helicopter,AIR Dhairya,Bernardine.Voletta@airdad.com
Letsou,Sharai,Manu,Commercial,AIR Dhairya,Sharai.Letsou@airdad.com
Latini,Hermione,Test,Helicopter,AIR Darsh,Hermione.Latini@airdad.com
Alisia,Jenda,Test,Space,AIR Aayushi,Jenda.Alisia@airdad.com
Eno,Leia,Manu,Space,AIR Dhairya,Leia.Eno@airdad.com
Eiser,Jessamyn,Fin,Helicopter,AIR Dhairya,Jessamyn.Eiser@airdad.com
Barbey,Aili,Design,Commercial,AIR Aayushi,Aili.Barbey@airdad.com
Iiette,Vita,Main,Helicopter,AIR Dhairya,Vita.Iiette@airdad.com
Darian,Claudina,Main,Commercial,AIR Dhairya,Claudina.Darian@airdad.com
Bollay,Donetta,Fin,Helicopter,AIR Aayushi,Donetta.Bollay@airdad.com
Mullane,Lilith,Design,Commercial,AIR Darsh,Lilith.Mullane@airdad.com
Valerio,Harrietta,Build,Space,AIR Aayushi,Harrietta.Valerio@airdad.com
Kress,Lucy,Main,Commercial,AIR Darsh,Lucy.Kress@airdad.com
Kolnick,Loree,Sale,Space,AIR Dhairya,Loree.Kolnick@airdad.com
Odell,Genevra,Design,Helicopter,AIR Aayushi,Genevra.Odell@airdad.com
Granoff,Arlena,Main,Commercial,AIR Darsh,Arlena.Granoff@airdad.com
Madaih,Sharai,Test,Helicopter,AIR Dhairya,Sharai.Madaih@airdad.com
Norrie,Harrietta,Design,Helicopter,AIR Darsh,Harrietta.Norrie@airdad.com
Terrence,Pierette,Test,Commercial,AIR Darsh,Pierette.Terrence@airdad.com
Isidore,Tori,Build,Helicopter,AIR Darsh,Tori.Isidore@airdad.com
MacIntosh,Cam,Main,Commercial,AIR Dhairya,Cam.MacIntosh@airdad.com
Vilma,Tori,Sale,Commercial,AIR Darsh,Tori.Vilma@airdad.com
Goddard,Deloria,Design,Space,AIR Darsh,Deloria.Goddard@airdad.com
Publia,Tarra,Design,Space,AIR Dhairya,Tarra.Publia@airdad.com
Engdahl,Aurore,Test,Space,AIR Dhairya,Aurore.Engdahl@airdad.com
Cutlerr,Kaja,Manu,Commercial,AIR Aayushi,Kaja.Cutlerr@airdad.com
Carbo,Melodie,Fin,Helicopter,AIR Aayushi,Melodie.Carbo@airdad.com
Elbertina,Chrystel,Fin,Space,AIR Dhairya,Chrystel.Elbertina@airdad.com
Dorcy,Linzy,Build,Helicopter,AIR Darsh,Linzy.Dorcy@airdad.com
Joseph,Tiffie,Build,Space,AIR Aayushi,Tiffie.Joseph@airdad.com
Hourigan,Carmela,Design,Commercial,AIR Aayushi,Carmela.Hourigan@airdad.com
Jorgan,Kirstin,Design,Commercial,AIR Dhairya,Kirstin.Jorgan@airdad.com
Cloris,Emilia,Sale,Commercial,AIR Dhairya,Emilia.Cloris@airdad.com
Delila,Bernardine,Manu,Commercial,AIR Aayushi,Bernardine.Delila@airdad.com
Joseph,Kathy,Build,Commercial,AIR Aayushi,Kathy.Joseph@airdad.com
Heidt,Shauna,Build,Commercial,AIR Dhairya,Shauna.Heidt@airdad.com
Cleo,Dulcinea,Sale,Commercial,AIR Darsh,Dulcinea.Cleo@airdad.com
Borrell,Elora,Test,Commercial,AIR Aayushi,Elora.Borrell@airdad.com
Briney,Eugine,Sale,Commercial,AIR Dhairya,Eugine.Briney@airdad.com
Raychel,Silvana,Build,Space,AIR Dhairya,Silvana.Raychel@airdad.com
Lesley,Orelia,Test,Space,AIR Darsh,Orelia.Lesley@airdad.com
Brieta,Paulita,Manu,Helicopter,AIR Aayushi,Paulita.Brieta@airdad.com
Ardra,Bee,Main,Helicopter,AIR Dhairya,Bee.Ardra@airdad.com
Kirbee,Vita,Build,Helicopter,AIR Dhairya,Vita.Kirbee@airdad.com
Albertine,Lenna,Build,Space,AIR Darsh,Lenna.Albertine@airdad.com
Wilkinson,Daphne,Sale,Commercial,AIR Dhairya,Daphne.Wilkinson@airdad.com
Blase,Emmey,Fin,Helicopter,AIR Darsh,Emmey.Blase@airdad.com
Rooney,Sam,Fin,Space,AIR Darsh,Sam.Rooney@airdad.com
Eliathas,Kore,Sale,Helicopter,AIR Darsh,Kore.Eliathas@airdad.com
Ellerey,Johna,Fin,Helicopter,AIR Darsh,Johna.Ellerey@airdad.com
Publia,Annabela,Main,Helicopter,AIR Darsh,Annabela.Publia@airdad.com
Kosey,Danika,Manu,Commercial,AIR Darsh,Danika.Kosey@airdad.com
Verger,Vivia,Main,Space,AIR Darsh,Vivia.Verger@airdad.com
Friede,Kalina,Design,Commercial,AIR Dhairya,Kalina.Friede@airdad.com
Yam,Evaleen,Build,Helicopter,AIR Aayushi,Evaleen.Yam@airdad.com
Kirstin,Lusa,Build,Space,AIR Darsh,Lusa.Kirstin@airdad.com
Bennie,Brooks,Test,Commercial,AIR Aayushi,Brooks.Bennie@airdad.com
Colbert,Merry,Test,Helicopter,AIR Darsh,Merry.Colbert@airdad.com
McClimans,Renae,Build,Space,AIR Dhairya,Renae.McClimans@airdad.com
Rossner,Cissiee,Fin,Space,AIR Darsh,Cissiee.Rossner@airdad.com
Konyn,Rosanne,Main,Commercial,AIR Darsh,Rosanne.Konyn@airdad.com
Merriott,Trudie,Sale,Commercial,AIR Darsh,Trudie.Merriott@airdad.com
Marsden,Zaria,Test,Commercial,AIR Darsh,Zaria.Marsden@airdad.com
Belanger,Nariko,Fin,Commercial,AIR Darsh,Nariko.Belanger@airdad.com
Ummersen,Collen,Fin,Commercial,AIR Darsh,Collen.Ummersen@airdad.com
Westphal,Randa,Sale,Space,AIR Dhairya,Randa.Westphal@airdad.com
Tice,Regina,Test,Helicopter,AIR Darsh,Regina.Tice@airdad.com
Haldas,Benita,Fin,Space,AIR Darsh,Benita.Haldas@airdad.com
Pettiford,Lesly,Test,Helicopter,AIR Darsh,Lesly.Pettiford@airdad.com
Gregrory,Kayla,Manu,Space,AIR Aayushi,Kayla.Gregrory@airdad.com
Edison,Tera,Build,Commercial,AIR Darsh,Tera.Edison@airdad.com
Izaak,Fayre,Test,Space,AIR Aayushi,Fayre.Izaak@airdad.com
Dawkins,Sibella,Manu,Commercial,AIR Dhairya,Sibella.Dawkins@airdad.com
Goldina,Jacenta,Design,Helicopter,AIR Dhairya,Jacenta.Goldina@airdad.com
Gordon,Paule,Test,Helicopter,AIR Dhairya,Paule.Gordon@airdad.com
Ephrem,Shell,Fin,Space,AIR Aayushi,Shell.Ephrem@airdad.com
Lesley,Thalia,Build,Commercial,AIR Darsh,Thalia.Lesley@airdad.com
Hutchison,Addia,Fin,Helicopter,AIR Darsh,Addia.Hutchison@airdad.com
Kenwood,Therine,Fin,Helicopter,AIR Darsh,Therine.Kenwood@airdad.com
Sothena,Donnie,Main,Helicopter,AIR Aayushi,Donnie.Sothena@airdad.com
Bouchard,Belinda,Main,Space,AIR Darsh,Belinda.Bouchard@airdad.com
Ailyn,Eolanda,Manu,Commercial,AIR Dhairya,Eolanda.Ailyn@airdad.com
Havens,Gabi,Manu,Helicopter,AIR Aayushi,Gabi.Havens@airdad.com
Ax,Cyb,Test,Commercial,AIR Dhairya,Cyb.Ax@airdad.com
Juliet,Clo,Build,Space,AIR Darsh,Clo.Juliet@airdad.com
Juliet,Cassondra,Fin,Space,AIR Dhairya,Cassondra.Juliet@airdad.com
Sparhawk,Calla,Test,Commercial,AIR Dhairya,Calla.Sparhawk@airdad.com
Glovsky,Karena,Sale,Space,AIR Aayushi,Karena.Glovsky@airdad.com
Florina,Gavrielle,Test,Space,AIR Aayushi,Gavrielle.Florina@airdad.com
Evvie,Perry,Build,Space,AIR Aayushi,Perry.Evvie@airdad.com
Ajay,Sadie,Main,Helicopter,AIR Darsh,Sadie.Ajay@airdad.com
Jethro,Katleen,Build,Helicopter,AIR Dhairya,Katleen.Jethro@airdad.com
Cimbura,Queenie,Test,Commercial,AIR Dhairya,Queenie.Cimbura@airdad.com
Bouchard,Nonnah,Manu,Commercial,AIR Dhairya,Nonnah.Bouchard@airdad.com
Leifeste,Philis,Design,Space,AIR Dhairya,Philis.Leifeste@airdad.com
Goddard,Maud,Test,Commercial,AIR Darsh,Maud.Goddard@airdad.com
Swigart,Madeleine,Fin,Space,AIR Aayushi,Madeleine.Swigart@airdad.com
Swanhildas,Eadie,Manu,Helicopter,AIR Aayushi,Eadie.Swanhildas@airdad.com
Harday,Dale,Fin,Commercial,AIR Dhairya,Dale.Harday@airdad.com
Mitzi,Fanny,Sale,Space,AIR Darsh,Fanny.Mitzi@airdad.com
Amadas,Clary,Build,Space,AIR Darsh,Clary.Amadas@airdad.com
Goth,Madelle,Build,Commercial,AIR Aayushi,Madelle.Goth@airdad.com
Norrie,Leia,Test,Space,AIR Aayushi,Leia.Norrie@airdad.com